{
  "id": "70d9a1a0-9a2f-4d86-ba36-397bfa66a7a6",
  "name": "Bye",
  "auto": true,
  "contexts": [],
  "userSays": [
    {
      "id": "b580ca22-8d2f-42af-b36d-5b2cf27aef74",
      "data": [
        {
          "text": "Auf Wiedersehen"
        }
      ],
      "isTemplate": false,
      "count": 0
    },
    {
      "id": "0762f18d-a6ba-4c48-9716-01e83f6bdc90",
      "data": [
        {
          "text": "Bye"
        }
      ],
      "isTemplate": false,
      "count": 0
    },
    {
      "id": "9b46dc8e-ce49-4154-9444-da6bf90237c1",
      "data": [
        {
          "text": "Tschüss"
        }
      ],
      "isTemplate": false,
      "count": 0
    },
    {
      "id": "55807a7a-6d87-43c9-a2a0-066e1c8470df",
      "data": [
        {
          "text": "Schönen "
        },
        {
          "text": "Abend",
          "meta": "@sys.ignore",
          "userDefined": true
        }
      ],
      "isTemplate": false,
      "count": 0
    }
  ],
  "responses": [
    {
      "resetContexts": false,
      "action": "bye",
      "affectedContexts": [],
      "parameters": []
    }
  ],
  "priority": 500000,
  "webhookUsed": false,
  "fallbackIntent": false
}