{
  "id": "69a39e42-d9de-4499-8510-7ab8bffd6998",
  "name": "Delete Deals",
  "auto": true,
  "contexts": [],
  "userSays": [
    {
      "id": "afe3e1be-a727-42dc-bfce-a204351541a7",
      "data": [
        {
          "text": "Angebot entfernen"
        }
      ],
      "isTemplate": false,
      "count": 0
    },
    {
      "id": "cc0c42f0-2251-4553-99e9-0567142dcba4",
      "data": [
        {
          "text": "Lösche Gutschein"
        }
      ],
      "isTemplate": false,
      "count": 0
    },
    {
      "id": "74426d84-cc26-45be-9b44-7181729fade9",
      "data": [
        {
          "text": "Deal",
          "meta": "@sys.ignore",
          "userDefined": true
        },
        {
          "text": " löschen"
        }
      ],
      "isTemplate": false,
      "count": 0
    }
  ],
  "responses": [
    {
      "resetContexts": false,
      "action": "delete_deals",
      "affectedContexts": [],
      "parameters": []
    }
  ],
  "priority": 500000,
  "webhookUsed": false,
  "fallbackIntent": false
}