{
  "id": "e15cb7e7-18dc-4e9f-8f02-45d43b0745ce",
  "name": "Hello",
  "auto": true,
  "contexts": [],
  "userSays": [
    {
      "id": "91f94847-b6e6-40ab-87b4-047918b1797c",
      "data": [
        {
          "text": "Hallo"
        }
      ],
      "isTemplate": false,
      "count": 1
    },
    {
      "id": "0b16dfae-0a14-435e-9dd6-7f11663c5cf7",
      "data": [
        {
          "text": "hello"
        }
      ],
      "isTemplate": false,
      "count": 1
    },
    {
      "id": "ff1dc5e3-4d97-4ce3-96c2-2227522034ea",
      "data": [
        {
          "text": "hi"
        }
      ],
      "isTemplate": true,
      "count": 2
    },
    {
      "id": "ff869e47-b0b9-49f0-aa2c-e399a27813a2",
      "data": [
        {
          "text": "hoi"
        }
      ],
      "isTemplate": true,
      "count": 1
    },
    {
      "id": "0c6622a9-2527-4c45-a971-2c07fd1d21ab",
      "data": [
        {
          "text": "hallo"
        }
      ],
      "isTemplate": false,
      "count": 1
    },
    {
      "id": "d0b82286-c685-45d1-b0f7-1fc6e2463cdd",
      "data": [
        {
          "text": "hoi ich bi de janik"
        }
      ],
      "isTemplate": false,
      "count": 0
    },
    {
      "id": "48172403-956e-48d7-8d44-35d2925ee4d1",
      "data": [
        {
          "text": "hoi ich bi de mike"
        }
      ],
      "isTemplate": false,
      "count": 0
    },
    {
      "id": "59cf0c0c-f212-4ec8-9360-61d81346bd20",
      "data": [
        {
          "text": "Hallo ok.- bot. Ich teste dich mal."
        }
      ],
      "isTemplate": false,
      "count": 0
    },
    {
      "id": "54e730c7-66bc-4cad-a591-f98f664df88b",
      "data": [
        {
          "text": "Grüezi"
        }
      ],
      "isTemplate": false,
      "count": 0
    },
    {
      "id": "eac8d990-889b-42ee-b5ba-618dd9c126b3",
      "data": [
        {
          "text": "Hi"
        }
      ],
      "isTemplate": false,
      "count": 0
    },
    {
      "id": "42207de7-15fa-4569-a2a8-876dc5662503",
      "data": [
        {
          "text": "Guten Tag"
        }
      ],
      "isTemplate": false,
      "count": 0
    }
  ],
  "responses": [
    {
      "resetContexts": false,
      "action": "hello",
      "affectedContexts": [],
      "parameters": []
    }
  ],
  "priority": 500000,
  "webhookUsed": false,
  "fallbackIntent": false
}