{
  "id": "3032b1eb-0e1e-4edc-a6bc-21322d377209",
  "name": "Help",
  "auto": true,
  "contexts": [],
  "userSays": [
    {
      "id": "740bb457-e04f-4590-9af1-4861014e29d7",
      "data": [
        {
          "text": "Hilfe"
        }
      ],
      "isTemplate": false,
      "count": 1
    },
    {
      "id": "bd3de50d-46b1-4ca5-991b-e16421e55d50",
      "data": [
        {
          "text": "hilfe"
        }
      ],
      "isTemplate": false,
      "count": 2
    },
    {
      "id": "4187ee23-d183-4fd7-a538-93cf21b5bcad",
      "data": [
        {
          "text": "help"
        }
      ],
      "isTemplate": false,
      "count": 0
    },
    {
      "id": "883530cf-4149-4862-b72c-fd340c97aa9e",
      "data": [
        {
          "text": "Was kannst du?"
        }
      ],
      "isTemplate": false,
      "count": 0
    },
    {
      "id": "b8ad9a57-07d9-45ce-803c-2eb89aeffec8",
      "data": [
        {
          "text": "Info"
        }
      ],
      "isTemplate": false,
      "count": 0
    },
    {
      "id": "037875b7-aced-4324-8c7a-7ac0557d3ce3",
      "data": [
        {
          "text": "Was kann ich tun?"
        }
      ],
      "isTemplate": false,
      "count": 0
    },
    {
      "id": "094a122b-43df-4bab-b313-8a4d119ebf80",
      "data": [
        {
          "text": "Help"
        }
      ],
      "isTemplate": false,
      "count": 0
    }
  ],
  "responses": [
    {
      "resetContexts": false,
      "action": "help",
      "affectedContexts": [],
      "parameters": []
    }
  ],
  "priority": 500000,
  "webhookUsed": false,
  "fallbackIntent": false
}