{
  "id": "be040f4e-2e64-4f4a-8966-a91b5b02525d",
  "name": "How are you",
  "auto": true,
  "contexts": [],
  "userSays": [
    {
      "id": "248d91b7-a697-48a2-8c45-0dc709013813",
      "data": [
        {
          "text": "Wie gehts?"
        }
      ],
      "isTemplate": false,
      "count": 0
    },
    {
      "id": "4dfac5e4-e056-4378-8735-fc695526a9f8",
      "data": [
        {
          "text": "Wie geht es dir?"
        }
      ],
      "isTemplate": true,
      "count": 3
    }
  ],
  "responses": [
    {
      "resetContexts": false,
      "action": "how_are_you",
      "affectedContexts": [],
      "parameters": []
    }
  ],
  "priority": 500000,
  "webhookUsed": false,
  "fallbackIntent": false
}