{
  "id": "4b0ab08e-b62c-4235-b814-42ef17dfdb4c",
  "name": "Instructions",
  "auto": true,
  "contexts": [],
  "userSays": [
    {
      "id": "0a477c3d-d53d-4f0e-8d98-d0b739c7f4af",
      "data": [
        {
          "text": "anleitung"
        }
      ],
      "isTemplate": false,
      "count": 0
    },
    {
      "id": "98aab345-26f2-463f-8745-cec5be85a988",
      "data": [
        {
          "text": "Anleitung"
        }
      ],
      "isTemplate": false,
      "count": 1
    },
    {
      "id": "2dd7f064-3e18-4f28-a8ba-7cc401a1683a",
      "data": [
        {
          "text": "Kommandos"
        }
      ],
      "isTemplate": false,
      "count": 0
    }
  ],
  "responses": [
    {
      "resetContexts": false,
      "action": "instructions",
      "affectedContexts": [],
      "parameters": []
    }
  ],
  "priority": 500000,
  "webhookUsed": false,
  "fallbackIntent": false
}