{
  "id": "130a326b-67f3-4185-90e9-7fd7af9c1f41",
  "name": "Next location",
  "auto": true,
  "contexts": [],
  "userSays": [
    {
      "id": "92de1cdb-3043-4c21-b673-8cd387054a68",
      "data": [
        {
          "text": "wo ist der nächste kiosk?"
        }
      ],
      "isTemplate": false,
      "count": 0
    },
    {
      "id": "9a1a5eb4-a7ce-4e25-a327-37656a918229",
      "data": [
        {
          "text": "Wo ist der nächste Shop?"
        }
      ],
      "isTemplate": false,
      "count": 0
    },
    {
      "id": "21e93638-f426-4563-9a63-f494539c6906",
      "data": [
        {
          "text": "Wo ist der nächste k kiosk?"
        }
      ],
      "isTemplate": false,
      "count": 0
    }
  ],
  "responses": [
    {
      "resetContexts": false,
      "action": "next_location",
      "affectedContexts": [],
      "parameters": []
    }
  ],
  "priority": 500000,
  "webhookUsed": false,
  "fallbackIntent": false
}