{
  "id": "94ae4849-16c0-48ae-8b2f-59d4ddc85509",
  "name": "Notifications",
  "auto": true,
  "contexts": [],
  "userSays": [
    {
      "id": "1602d9b0-de66-4d0c-b892-34e0f3dcd63d",
      "data": [
        {
          "text": "benachrichtigungen verwalten"
        }
      ],
      "isTemplate": false,
      "count": 0
    }
  ],
  "responses": [
    {
      "resetContexts": false,
      "action": "notifications",
      "affectedContexts": [],
      "parameters": []
    }
  ],
  "priority": 500000,
  "webhookUsed": false,
  "fallbackIntent": false
}