{
  "id": "2bb3b1fc-f66a-439d-8aa5-e1f75758abc9",
  "name": "Redeem Deals",
  "auto": true,
  "contexts": [],
  "userSays": [
    {
      "id": "2dc43777-3d87-4cb6-b4f5-f7b59119869c",
      "data": [
        {
          "text": "deals einlösen"
        }
      ],
      "isTemplate": false,
      "count": 1
    },
    {
      "id": "09d73683-caa7-4171-83f8-f7240302ea8b",
      "data": [
        {
          "text": "Löse Angebot ein"
        }
      ],
      "isTemplate": false,
      "count": 0
    },
    {
      "id": "156cfcc0-477b-4413-bc96-051ebafc7566",
      "data": [
        {
          "text": "Deal",
          "meta": "@sys.ignore",
          "userDefined": true
        },
        {
          "text": " abrufen"
        }
      ],
      "isTemplate": false,
      "count": 0
    },
    {
      "id": "e4db336b-ebf5-4bcc-900c-a4ecb90972fc",
      "data": [
        {
          "text": "Gutschein einlösen"
        }
      ],
      "isTemplate": false,
      "count": 0
    }
  ],
  "responses": [
    {
      "resetContexts": false,
      "action": "redeem_deals",
      "affectedContexts": [],
      "parameters": []
    }
  ],
  "priority": 500000,
  "webhookUsed": false,
  "fallbackIntent": false
}