{
  "id": "77893eca-e9a3-4b25-861a-b345830b5b4b",
  "name": "Restart",
  "auto": true,
  "contexts": [],
  "userSays": [
    {
      "id": "e2e0b76f-298e-4be9-a938-81b6d2d884af",
      "data": [
        {
          "text": "Neustart"
        }
      ],
      "isTemplate": false,
      "count": 0
    },
    {
      "id": "9c606eed-059e-4775-9c7e-9e23e6d62e2c",
      "data": [
        {
          "text": "Reset"
        }
      ],
      "isTemplate": false,
      "count": 0
    }
  ],
  "responses": [
    {
      "resetContexts": false,
      "action": "restart",
      "affectedContexts": [],
      "parameters": []
    }
  ],
  "priority": 500000,
  "webhookUsed": false,
  "fallbackIntent": false
}