{
  "id": "fbafc008-b51d-4f65-b7f5-53f738d67f7a",
  "name": "Save Deals",
  "auto": true,
  "contexts": [],
  "userSays": [
    {
      "id": "717b62d9-c44b-454f-afe6-243caff51375",
      "data": [
        {
          "text": "deal speichern"
        }
      ],
      "isTemplate": false,
      "count": 1
    },
    {
      "id": "5f5c60f9-eee6-4e7a-a7c1-74605315e909",
      "data": [
        {
          "text": "deals speichern"
        }
      ],
      "isTemplate": false,
      "count": 2
    },
    {
      "id": "671835d9-e467-4b80-9608-3b12d21f0550",
      "data": [
        {
          "text": "Angebote speichern"
        }
      ],
      "isTemplate": false,
      "count": 0
    },
    {
      "id": "1ae770e0-cd04-40a9-8ae1-1a2ad0fabeb3",
      "data": [
        {
          "text": "Deal",
          "meta": "@sys.ignore",
          "userDefined": true
        },
        {
          "text": " speichern"
        }
      ],
      "isTemplate": false,
      "count": 0
    }
  ],
  "responses": [
    {
      "resetContexts": false,
      "action": "save_deals",
      "affectedContexts": [],
      "parameters": []
    }
  ],
  "priority": 500000,
  "webhookUsed": false,
  "fallbackIntent": false
}