{
  "id": "4856243e-4926-4b53-9023-3b65d8f1b4d8",
  "name": "Show Deals with Category",
  "auto": true,
  "contexts": [],
  "userSays": [
    {
      "id": "04ac432a-00a0-4a7b-90f2-d8147222fd27",
      "data": [
        {
          "text": "ich habe "
        },
        {
          "text": "hunger",
          "meta": "@sys.ignore",
          "userDefined": true
        }
      ],
      "isTemplate": false,
      "count": 1
    },
    {
      "id": "76004ab8-7c0b-4649-ab2b-33a54028ddb4",
      "data": [
        {
          "text": "Non-food",
          "alias": "Categories",
          "meta": "@Categories",
          "userDefined": true
        }
      ],
      "isTemplate": false,
      "count": 0
    },
    {
      "id": "f20951a7-a82f-4f1c-94e3-820edece6229",
      "data": [
        {
          "text": "Energy Drinks",
          "alias": "Categories",
          "meta": "@Categories",
          "userDefined": true
        }
      ],
      "isTemplate": false,
      "count": 0
    },
    {
      "id": "8830d154-ea6b-4c04-9397-83bf95ed8977",
      "data": [
        {
          "text": "Beverages",
          "alias": "Categories",
          "meta": "@Categories",
          "userDefined": true
        }
      ],
      "isTemplate": false,
      "count": 0
    },
    {
      "id": "57483a4e-37d7-4cc2-88ff-85b3e141dd15",
      "data": [
        {
          "text": "food",
          "alias": "Categories",
          "meta": "@Categories",
          "userDefined": true
        }
      ],
      "isTemplate": false,
      "count": 1
    },
    {
      "id": "c15991fd-89ba-4512-aaa0-53e6f5c5f874",
      "data": [
        {
          "text": "Food",
          "alias": "Categories",
          "meta": "@Categories",
          "userDefined": true
        }
      ],
      "isTemplate": false,
      "count": 2
    },
    {
      "id": "22aabb07-cb09-40eb-9a07-69ca26eadc3a",
      "data": [
        {
          "text": "Hast du Getränke?"
        }
      ],
      "isTemplate": true,
      "count": 0
    },
    {
      "id": "6ac0ec57-dfee-47f2-8359-ae82f29f7ef9",
      "data": [
        {
          "text": "energy drinks"
        }
      ],
      "isTemplate": true,
      "count": 0
    },
    {
      "id": "baec5380-025e-4314-a438-391ada21b4e6",
      "data": [
        {
          "text": "hast du "
        },
        {
          "text": "getränke",
          "alias": "Categories",
          "meta": "@Categories",
          "userDefined": true
        }
      ],
      "isTemplate": false,
      "count": 0
    },
    {
      "id": "3b045314-b0b5-48ce-9b2c-722786118cfd",
      "data": [
        {
          "text": "Hast du "
        },
        {
          "text": "Getränke",
          "alias": "Categories",
          "meta": "@Categories",
          "userDefined": true
        },
        {
          "text": "?"
        }
      ],
      "isTemplate": false,
      "count": 0
    },
    {
      "id": "9718b51a-fb25-4103-890a-8d711e0d45ed",
      "data": [
        {
          "text": "Welcome Deal",
          "alias": "Categories",
          "meta": "@Categories",
          "userDefined": true
        },
        {
          "text": " Aktion"
        }
      ],
      "isTemplate": false,
      "count": 0
    },
    {
      "id": "2dae8a6e-a404-4a5e-87e6-fea6dfdeb11f",
      "data": [
        {
          "text": "Beverages",
          "alias": "Categories",
          "meta": "@Categories",
          "userDefined": true
        },
        {
          "text": " Spezialangebote"
        }
      ],
      "isTemplate": false,
      "count": 0
    },
    {
      "id": "2d459c83-24e1-45d1-9e7c-8443ad948f73",
      "data": [
        {
          "text": "Zeige "
        },
        {
          "text": "Energy Drinks",
          "alias": "Categories",
          "meta": "@Categories",
          "userDefined": true
        },
        {
          "text": " Reduktionen"
        }
      ],
      "isTemplate": false,
      "count": 0
    },
    {
      "id": "7a037650-ba71-4b8b-8aa0-56f17629d50d",
      "data": [
        {
          "text": "Non-food",
          "alias": "Categories",
          "meta": "@Categories",
          "userDefined": true
        },
        {
          "text": " Rabatte zeigen"
        }
      ],
      "isTemplate": false,
      "count": 0
    },
    {
      "id": "6aa3ed20-ed90-4fa3-9f81-af8162f88dec",
      "data": [
        {
          "text": "Food",
          "alias": "Categories",
          "meta": "@Categories",
          "userDefined": true
        },
        {
          "text": " Angebote anzeigen"
        }
      ],
      "isTemplate": false,
      "count": 0
    },
    {
      "id": "073d07f7-ea00-4b13-b87e-0e8505ba6f98",
      "data": [
        {
          "text": "ich möchte etwas "
        },
        {
          "text": "trinken",
          "alias": "Categories",
          "meta": "@Categories",
          "userDefined": true
        }
      ],
      "isTemplate": false,
      "count": 1
    },
    {
      "id": "2f9ac7bf-4162-4c3e-9449-b27345579856",
      "data": [
        {
          "text": "Ich möchte etwas "
        },
        {
          "text": "trinken",
          "alias": "Categories",
          "meta": "@Categories",
          "userDefined": true
        }
      ],
      "isTemplate": false,
      "count": 1
    },
    {
      "id": "6ec61cf5-e563-4378-babd-fe264e2923ce",
      "data": [
        {
          "text": "Ich habe "
        },
        {
          "text": "Durst",
          "alias": "Categories",
          "meta": "@Categories",
          "userDefined": true
        }
      ],
      "isTemplate": false,
      "count": 1
    },
    {
      "id": "b4100f7a-ca12-4abb-8bfa-1bac381e0939",
      "data": [
        {
          "text": "Ich bin "
        },
        {
          "text": "durstig",
          "alias": "Categories",
          "meta": "@Categories",
          "userDefined": true
        }
      ],
      "isTemplate": false,
      "count": 1
    },
    {
      "id": "f5b5d923-bd58-4cc5-ae2e-7592ad5aa30a",
      "data": [
        {
          "text": "Zeige mir "
        },
        {
          "text": "alle Getränke",
          "alias": "Categories",
          "meta": "@Categories",
          "userDefined": true
        }
      ],
      "isTemplate": false,
      "count": 0
    },
    {
      "id": "9fdf2fc5-f495-4751-a55f-6539b40feab5",
      "data": [
        {
          "text": "Zeige mir alle "
        },
        {
          "text": "Energy Drinks",
          "alias": "Categories",
          "meta": "@Categories",
          "userDefined": true
        }
      ],
      "isTemplate": false,
      "count": 0
    },
    {
      "id": "e4ee601b-977f-4c5d-bec7-8451cfbc5777",
      "data": [
        {
          "text": "welcome deal",
          "alias": "Categories",
          "meta": "@Categories",
          "userDefined": true
        }
      ],
      "isTemplate": false,
      "count": 3
    },
    {
      "id": "f0542e00-cf65-4e2e-8c63-a3db1836e8eb",
      "data": [
        {
          "text": "beverages",
          "alias": "Categories",
          "meta": "@Categories",
          "userDefined": true
        }
      ],
      "isTemplate": false,
      "count": 1
    },
    {
      "id": "883c7769-20ce-4435-b948-9e581a05a28e",
      "data": [
        {
          "text": "energy drinks",
          "alias": "Categories",
          "meta": "@Categories",
          "userDefined": true
        },
        {
          "text": " anzeigen"
        }
      ],
      "isTemplate": false,
      "count": 2
    },
    {
      "id": "ece95b89-0f03-4c56-aaa8-6cb6e8bd0b0a",
      "data": [
        {
          "text": "alle",
          "alias": "Categories",
          "meta": "@Categories",
          "userDefined": true
        }
      ],
      "isTemplate": false,
      "count": 1
    },
    {
      "id": "7a6b671a-f5c1-4c6e-97d5-58178f80b859",
      "data": [
        {
          "text": "nonfood",
          "alias": "Categories",
          "meta": "@Categories",
          "userDefined": true
        }
      ],
      "isTemplate": false,
      "count": 1
    },
    {
      "id": "920b2d36-fabc-47fe-8d8f-f0070afabf28",
      "data": [
        {
          "text": "alle",
          "alias": "Categories",
          "meta": "@Categories",
          "userDefined": true
        },
        {
          "text": " deals anzeigen"
        }
      ],
      "isTemplate": false,
      "count": 2
    },
    {
      "id": "2449ee18-8322-405a-bc2e-b52dbc293dcc",
      "data": [
        {
          "text": "Beverages",
          "alias": "Categories",
          "meta": "@Categories",
          "userDefined": true
        },
        {
          "text": " anzeigen"
        }
      ],
      "isTemplate": false,
      "count": 1
    },
    {
      "id": "744c4dcf-dd45-470b-ab1c-f5d7fd650bbf",
      "data": [
        {
          "text": "zeige "
        },
        {
          "text": "Welcome Deal",
          "alias": "Categories",
          "meta": "@Categories",
          "userDefined": true
        },
        {
          "text": " an"
        }
      ],
      "isTemplate": false,
      "count": 1
    },
    {
      "id": "56dc0a84-3301-44b5-9b06-7655d4d3fed0",
      "data": [
        {
          "text": "Zeige "
        },
        {
          "text": "essen",
          "alias": "Categories",
          "meta": "@Categories"
        },
        {
          "text": " deals an"
        }
      ],
      "isTemplate": false,
      "count": 1
    },
    {
      "id": "7172ce64-3dea-4927-a7db-f1b417cc632d",
      "data": [
        {
          "text": "zeige "
        },
        {
          "text": "food",
          "alias": "Categories",
          "meta": "@Categories"
        },
        {
          "text": " deals an"
        }
      ],
      "isTemplate": false,
      "count": 1
    },
    {
      "id": "a66c2fa1-a95d-4e52-ac85-b5f321a5f06d",
      "data": [
        {
          "text": "zeige "
        },
        {
          "text": "beverages",
          "alias": "Categories",
          "meta": "@Categories",
          "userDefined": true
        },
        {
          "text": " an"
        }
      ],
      "isTemplate": false,
      "count": 1
    },
    {
      "id": "2e3049b5-134b-4592-8ee8-32fbb1057bb2",
      "data": [
        {
          "text": "ich möchte etwas "
        },
        {
          "text": "essen",
          "alias": "Categories",
          "meta": "@Categories"
        }
      ],
      "isTemplate": false,
      "count": 0
    },
    {
      "id": "16d02cd4-351a-45d9-a83b-55f38d6abbfa",
      "data": [
        {
          "text": "Getränke",
          "alias": "Categories",
          "meta": "@Categories",
          "userDefined": true
        },
        {
          "text": " mitteilen"
        }
      ],
      "isTemplate": false,
      "count": 0
    },
    {
      "id": "d3ae30af-26fd-476a-a4f2-afc986185545",
      "data": [
        {
          "text": "Zeige "
        },
        {
          "text": "Non-food",
          "alias": "Categories",
          "meta": "@Categories",
          "userDefined": true
        },
        {
          "text": " Rabatte an"
        }
      ],
      "isTemplate": false,
      "count": 0
    },
    {
      "id": "e5ca1849-34aa-4f5e-8658-6ce19220b2ea",
      "data": [
        {
          "text": "Energy Drinks",
          "alias": "Categories",
          "meta": "@Categories",
          "userDefined": true
        },
        {
          "text": " Deals anzeigen"
        }
      ],
      "isTemplate": false,
      "count": 0
    }
  ],
  "responses": [
    {
      "resetContexts": false,
      "action": "show_deals_by_category",
      "affectedContexts": [],
      "parameters": [
        {
          "required": true,
          "dataType": "@Categories",
          "name": "Categories",
          "value": "$Categories"
        }
      ]
    }
  ],
  "priority": 500000,
  "webhookUsed": false,
  "fallbackIntent": false
}