{
  "id": "91afc0f1-ffd9-4c5b-bb64-31c25ef69bc9",
  "name": "Show Deals",
  "auto": true,
  "contexts": [],
  "userSays": [
    {
      "id": "171ecc3d-1f97-417e-a56f-88455944d53b",
      "data": [
        {
          "text": "was gibt es für deals"
        }
      ],
      "isTemplate": false,
      "count": 0
    },
    {
      "id": "47b13f2d-2181-4f67-a6c0-8194a49cf878",
      "data": [
        {
          "text": "neuste deals?"
        }
      ],
      "isTemplate": false,
      "count": 0
    },
    {
      "id": "38bf3602-fb35-43db-aa09-624fe38ea145",
      "data": [
        {
          "text": "Kennst Du weitere Deals?"
        }
      ],
      "isTemplate": false,
      "count": 0
    },
    {
      "id": "f6e25c5a-e8b6-43f5-ad53-8b2de7945dea",
      "data": [
        {
          "text": "welchen deal empfiehlst du mir?"
        }
      ],
      "isTemplate": false,
      "count": 0
    },
    {
      "id": "e04f517a-e8c5-4a3e-a5cd-cf54192ca838",
      "data": [
        {
          "text": "deal?"
        }
      ],
      "isTemplate": false,
      "count": 0
    },
    {
      "id": "d313fa1a-6b5b-45a8-b336-af1a54c5e8a0",
      "data": [
        {
          "text": "deal"
        }
      ],
      "isTemplate": false,
      "count": 0
    },
    {
      "id": "6c1f6739-d4e9-4f61-99b3-ba7d8e57bc7b",
      "data": [
        {
          "text": "deals"
        }
      ],
      "isTemplate": false,
      "count": 1
    },
    {
      "id": "cf90efde-143b-40f0-a29e-fd01781e228e",
      "data": [
        {
          "text": "Deals"
        }
      ],
      "isTemplate": false,
      "count": 0
    },
    {
      "id": "6840526d-6e60-4121-b5b8-c042ce729892",
      "data": [
        {
          "text": "Mehr Reduktionen"
        }
      ],
      "isTemplate": false,
      "count": 0
    },
    {
      "id": "fd65c451-daf8-497f-a0d5-221d4f3998e9",
      "data": [
        {
          "text": "Zeige Aktionen"
        }
      ],
      "isTemplate": false,
      "count": 0
    },
    {
      "id": "155eb42d-78c0-4fc2-9332-0b453a58a2c1",
      "data": [
        {
          "text": "Aktuelle Rabatte"
        }
      ],
      "isTemplate": false,
      "count": 0
    },
    {
      "id": "1bee0b1a-6066-4d08-bd78-72dc79d5f9cc",
      "data": [
        {
          "text": "Angebote zeigen"
        }
      ],
      "isTemplate": false,
      "count": 0
    },
    {
      "id": "8963b89e-0724-4b5e-a512-ca372c95c999",
      "data": [
        {
          "text": "Spezialangebote anzeigen"
        }
      ],
      "isTemplate": false,
      "count": 0
    },
    {
      "id": "59356bd3-c77d-4019-8801-728a29e82ee4",
      "data": [
        {
          "text": "deals anzeigen"
        }
      ],
      "isTemplate": false,
      "count": 1
    },
    {
      "id": "1ab2da1a-e218-4277-b40d-71083b7730da",
      "data": [
        {
          "text": "aktuelle deals"
        }
      ],
      "isTemplate": false,
      "count": 0
    },
    {
      "id": "1ad917a1-b307-45ff-947d-a4cf9dd9c8ec",
      "data": [
        {
          "text": "Mehr deals"
        }
      ],
      "isTemplate": false,
      "count": 1
    },
    {
      "id": "16ae9835-3487-4755-9ce2-7a8b02eefd70",
      "data": [
        {
          "text": "Mehr deal"
        }
      ],
      "isTemplate": false,
      "count": 0
    },
    {
      "id": "a9d86340-8b90-4daa-9e31-f9f7cf0255da",
      "data": [
        {
          "text": "zeige deals"
        }
      ],
      "isTemplate": false,
      "count": 0
    },
    {
      "id": "03956800-104c-4966-8c0d-54e17f5913fc",
      "data": [
        {
          "text": "Zeige Deals an"
        }
      ],
      "isTemplate": false,
      "count": 3
    },
    {
      "id": "e5992669-eedd-4f0d-b94d-cb4db0b2e47c",
      "data": [
        {
          "text": "Ich möchte Gutscheine einsehen"
        }
      ],
      "isTemplate": false,
      "count": 0
    },
    {
      "id": "3ea62811-397e-442a-96eb-717776501403",
      "data": [
        {
          "text": "Deals anzeigen"
        }
      ],
      "isTemplate": false,
      "count": 1
    },
    {
      "id": "07c450c3-1d7f-4f7e-b428-92765ce9a282",
      "data": [
        {
          "text": "Aktuelle Rabatte mitteilen"
        }
      ],
      "isTemplate": false,
      "count": 0
    },
    {
      "id": "e6ebc676-1400-41a9-8282-12bd55738981",
      "data": [
        {
          "text": "Zeige Angebote an"
        }
      ],
      "isTemplate": false,
      "count": 0
    }
  ],
  "responses": [
    {
      "resetContexts": false,
      "action": "show_deals",
      "affectedContexts": [],
      "parameters": []
    }
  ],
  "priority": 500000,
  "webhookUsed": false,
  "fallbackIntent": false
}