{
  "id": "80b8a773-ccad-4ad8-8d3d-4566648bbef6",
  "name": "Show my Deals",
  "auto": true,
  "contexts": [],
  "userSays": [
    {
      "id": "b2f51cc5-d26d-43bf-983a-9975a02dd108",
      "data": [
        {
          "text": "Meine Deals"
        }
      ],
      "isTemplate": false,
      "count": 0
    },
    {
      "id": "33fa8758-6254-4723-9771-0457eb5d2f42",
      "data": [
        {
          "text": "meine deals"
        }
      ],
      "isTemplate": false,
      "count": 3
    },
    {
      "id": "2c934ee6-3dc1-4f47-b486-e35cc6a2a2c0",
      "data": [
        {
          "text": "meine deals anzeigen"
        }
      ],
      "isTemplate": false,
      "count": 1
    },
    {
      "id": "fe603b48-0e9a-4c44-99c7-fa4bd988521f",
      "data": [
        {
          "text": "gespeicherte deals"
        }
      ],
      "isTemplate": false,
      "count": 0
    },
    {
      "id": "126b6256-3676-450d-b8b5-ec4b617da67f",
      "data": [
        {
          "text": "Meine Deals anzeigen"
        }
      ],
      "isTemplate": false,
      "count": 3
    },
    {
      "id": "f249c9f7-5f27-49ce-9753-28b36e8c8fa5",
      "data": [
        {
          "text": "Zeige mir meine Rabatte an"
        }
      ],
      "isTemplate": false,
      "count": 0
    },
    {
      "id": "1f7f1b75-f445-464a-bef7-65d1a60f344e",
      "data": [
        {
          "text": "Gespeicherte Gutscheine anzeigen"
        }
      ],
      "isTemplate": false,
      "count": 0
    }
  ],
  "responses": [
    {
      "resetContexts": false,
      "action": "show_my_deals",
      "affectedContexts": [],
      "parameters": []
    }
  ],
  "priority": 500000,
  "webhookUsed": false,
  "fallbackIntent": false
}