{
  "id": "69150caa-28b2-4681-9d40-9a26550db032",
  "name": "Smile",
  "auto": true,
  "contexts": [],
  "userSays": [
    {
      "id": "226697dc-bc6c-4350-98d6-406a57348e51",
      "data": [
        {
          "text": "😊"
        }
      ],
      "isTemplate": false,
      "count": 0
    },
    {
      "id": "18e45395-db29-4e48-acf6-e550f4d27339",
      "data": [
        {
          "text": "😁"
        }
      ],
      "isTemplate": false,
      "count": 0
    },
    {
      "id": "dc17ab86-24d9-44bb-8e61-72979b86c3c6",
      "data": [
        {
          "text": "🙂"
        }
      ],
      "isTemplate": false,
      "count": 0
    },
    {
      "id": "85a9146e-bbd0-4086-a3bf-cf0e4c1ce99c",
      "data": [
        {
          "text": "Lol"
        }
      ],
      "isTemplate": false,
      "count": 0
    }
  ],
  "responses": [
    {
      "resetContexts": false,
      "action": "smile",
      "affectedContexts": [],
      "parameters": []
    }
  ],
  "priority": 500000,
  "webhookUsed": false,
  "fallbackIntent": false
}