{
  "id": "1d7e900e-ce67-4edb-8ac3-29c835ab8e6f",
  "name": "Sorry",
  "auto": true,
  "contexts": [],
  "userSays": [
    {
      "id": "a5e5714c-337b-4488-8cd0-b92dc9e6f1cd",
      "data": [
        {
          "text": "schade"
        }
      ],
      "isTemplate": false,
      "count": 1
    },
    {
      "id": "8af7cdf2-aa04-4adc-9862-186795b4c096",
      "data": [
        {
          "text": "-.-"
        }
      ],
      "isTemplate": false,
      "count": 1
    },
    {
      "id": "d916f44b-0a1c-4338-8775-dc11d54401ec",
      "data": [
        {
          "text": "Arschloch"
        }
      ],
      "isTemplate": false,
      "count": 0
    },
    {
      "id": "7518fa3b-9022-4c80-9995-8289f63914d3",
      "data": [
        {
          "text": "Schade"
        }
      ],
      "isTemplate": false,
      "count": 0
    }
  ],
  "responses": [
    {
      "resetContexts": false,
      "action": "sorry",
      "affectedContexts": [],
      "parameters": []
    }
  ],
  "priority": 500000,
  "webhookUsed": false,
  "fallbackIntent": false
}