{
  "id": "94d27aca-8443-43bd-ac59-01e362eea633",
  "name": "Thanks",
  "auto": true,
  "contexts": [],
  "userSays": [
    {
      "id": "4bd201a6-7a0c-4067-afa6-3ca1130ade26",
      "data": [
        {
          "text": "danke"
        }
      ],
      "isTemplate": true,
      "count": 3
    },
    {
      "id": "3b091fc6-ef5e-4127-a35b-052851330f1a",
      "data": [
        {
          "text": "merci"
        }
      ],
      "isTemplate": true,
      "count": 1
    },
    {
      "id": "dc3164a5-62b7-49a9-abf5-64fbe68e1fcc",
      "data": [
        {
          "text": "Ok danke"
        }
      ],
      "isTemplate": false,
      "count": 0
    },
    {
      "id": "39e247a1-9201-494d-8758-5f156fcaa642",
      "data": [
        {
          "text": "Danke"
        }
      ],
      "isTemplate": false,
      "count": 1
    },
    {
      "id": "df2e0fb1-e011-48ee-8c0c-c1f0ce170eee",
      "data": [
        {
          "text": "Merci"
        }
      ],
      "isTemplate": false,
      "count": 1
    },
    {
      "id": "8cfd0008-df63-4014-a3a6-98219e7289cd",
      "data": [
        {
          "text": "Thx"
        }
      ],
      "isTemplate": false,
      "count": 0
    }
  ],
  "responses": [
    {
      "resetContexts": false,
      "action": "thanks",
      "affectedContexts": [],
      "parameters": []
    }
  ],
  "priority": 500000,
  "webhookUsed": false,
  "fallbackIntent": false
}