{
  "id": "041a20d8-e760-4f12-84fc-3d298de8a7c9",
  "name": "Unkown",
  "auto": true,
  "contexts": [],
  "userSays": [
    {
      "id": "d4d417cc-e342-4854-88fb-0ca23c62e5a8",
      "data": [
        {
          "text": "Happy snack"
        }
      ],
      "isTemplate": false,
      "count": 0
    },
    {
      "id": "59798ae0-8921-4b53-a093-d76dd0600ee4",
      "data": [
        {
          "text": "ich finde den knopf nicht"
        }
      ],
      "isTemplate": false,
      "count": 0
    },
    {
      "id": "d87c4e74-5b09-4bbb-ba65-5d9e680af544",
      "data": [
        {
          "text": "wie spät ist es"
        }
      ],
      "isTemplate": false,
      "count": 0
    },
    {
      "id": "508789d4-2aea-4671-9ee1-61e742a72358",
      "data": [
        {
          "text": "Wann gibt es neue Deals?"
        }
      ],
      "isTemplate": false,
      "count": 0
    },
    {
      "id": "689049f7-5724-45ba-864b-eb770d4899b4",
      "data": [
        {
          "text": "happy snack"
        }
      ],
      "isTemplate": false,
      "count": 6
    },
    {
      "id": "19e53b28-8516-4017-abd3-eb4cda2bbeeb",
      "data": [
        {
          "text": "energy cola"
        }
      ],
      "isTemplate": false,
      "count": 1
    },
    {
      "id": "3d0785a1-13bf-494f-931a-6459584f9383",
      "data": [
        {
          "text": "was"
        }
      ],
      "isTemplate": false,
      "count": 0
    },
    {
      "id": "957e86f6-f03e-47f3-8312-a7d3a11c7252",
      "data": [
        {
          "text": "add "
        },
        {
          "text": "deal",
          "meta": "@sys.ignore",
          "userDefined": true
        },
        {
          "text": " kuchen"
        }
      ],
      "isTemplate": false,
      "count": 0
    },
    {
      "id": "c153d641-b926-4a07-9867-a54219b41a9a",
      "data": [
        {
          "text": "happy snack "
        },
        {
          "text": "deal",
          "meta": "@sys.ignore",
          "userDefined": true
        }
      ],
      "isTemplate": false,
      "count": 1
    },
    {
      "id": "3f3db283-a1f4-4c95-998f-347893edc905",
      "data": [
        {
          "text": "Gibt es kaffee deals?"
        }
      ],
      "isTemplate": false,
      "count": 1
    },
    {
      "id": "6ded1502-a18d-4de4-8cdc-c36bd3c25550",
      "data": [
        {
          "text": "energy",
          "meta": "@sys.ignore",
          "userDefined": true
        },
        {
          "text": " cola"
        }
      ],
      "isTemplate": false,
      "count": 1
    }
  ],
  "responses": [
    {
      "resetContexts": false,
      "action": "unkown",
      "affectedContexts": [],
      "parameters": []
    }
  ],
  "priority": 500000,
  "webhookUsed": false,
  "fallbackIntent": false
}