{
  "id": "32e5fc43-5430-4cb2-a2bf-c0e2681435a0",
  "name": "Categories",
  "isOverridable": true,
  "entries": [
    {
      "value": "Food",
      "synonyms": [
        "Food",
        "Essen",
        "Snacks",
        "Hunger",
        "hungrig"
      ]
    },
    {
      "value": "Beverages",
      "synonyms": [
        "Beverages",
        "Getränke",
        "Trinken",
        "Durst",
        "durstig"
      ]
    },
    {
      "value": "Nonfood",
      "synonyms": [
        "Nonfood",
        "Non-food",
        "Non food"
      ]
    },
    {
      "value": "Energy Drinks",
      "synonyms": [
        "Energy Drinks"
      ]
    },
    {
      "value": "Welcome Deal",
      "synonyms": [
        "Welcome Deal"
      ]
    },
    {
      "value": "Alle",
      "synonyms": [
        "Alle"
      ]
    }
  ],
  "isEnum": false,
  "automatedExpansion": false
}